{"graph": {"_type": "graph-file", "sha256": "11f86b2a0529e57027589203fbcb0b682c2d9b17a6397c86794350c70253077e", "size": 2071, "path": "media/graph/graph_summary_11f86b2a0529e5702758.graph.json"}, "epoch": 1, "_timestamp": 1653697922, "_runtime": 155, "loss": 0.27275580167770386, "accuracy": 0.38229551911354065, "_step": 1, "_wandb": {"runtime": 141}}